ds,yhat,yhat_lower,yhat_upper,actual
2005-01-03,24818.900756607894,14073.733597402794,36792.03147594056,18675.0
2005-01-10,34355.39569636491,23036.063432194456,45188.43770257919,41784.0
2005-01-17,46699.509812743476,35958.96642823426,57706.575868530934,49577.0
2005-01-24,53860.674010344286,42212.261993328786,64574.945358413424,48625.0
2005-01-31,53710.91760719694,42913.016739605955,64338.67789199165,45873.0
2005-02-07,50672.95739832599,40468.64999496195,61079.4203893454,46293.0
2005-02-14,50030.635923461356,38951.734462193876,60988.47525003186,48279.0
2005-02-21,52550.73424101935,41396.685333655485,63882.525513893524,47095.0
2005-02-28,54967.00485139343,44136.289359797294,65308.69111929659,44690.0
2005-03-07,54715.014587196914,44141.419169675275,64938.95996770628,46512.0
2005-03-14,52821.89600793249,41390.63787772666,63823.472347580864,48871.0
2005-03-21,51940.57664641429,41050.00034384703,62522.35680037562,52534.0
2005-03-28,52725.21267700337,41904.543450200945,63513.70828819535,44838.0
2005-04-04,53314.456013372605,42583.022548052584,63800.1168237622,58609.0
2005-04-11,52200.346103864744,40795.99201420119,63015.17458553254,59129.0
2005-04-18,50378.59021853033,38777.55813371028,60798.92529976298,61244.0
2005-04-25,49938.49881539868,38256.26293760496,61186.678610592455,61028.0
2005-05-02,51143.42075553836,40329.125114089125,61833.03298432141,50353.0
2005-05-09,52010.06910396489,41214.65749682715,64457.42382009261,60421.0
2005-05-16,50961.751889587424,41286.11758284788,61537.731936436205,50870.0
2005-05-23,48986.40008914533,38544.63428711409,59689.47317107619,52497.0
2005-05-30,48382.97846072237,37285.73355553146,59725.325238156634,53839.0
2005-06-06,49729.878190881165,38174.27866171973,60755.88967086094,54735.0
2005-06-13,51106.564183779,40376.23692382687,61542.57986027362,54579.0
2005-06-20,50639.740830061346,38977.667760516895,60748.88018470577,54628.0
2005-06-27,49001.42504274231,37613.559472102505,60233.56374472688,54796.0
2005-07-04,48453.315720670515,38223.95081284332,58920.97881186876,48401.0
2005-07-11,49571.82281750778,38805.01534556312,59472.39496974017,53425.0
2005-07-18,50011.84864791185,40068.45643976752,60516.647420596506,50921.0
2005-07-25,47243.59448217937,35871.569920688155,58220.17068546504,49127.0
2005-08-01,42063.461093161815,31623.990947059247,52839.51538152202,41921.0
2005-08-08,38405.33426081534,27195.60383748124,49664.95582694303,34066.0
2005-08-15,39355.03357004102,29155.159176486934,49991.00377352243,34024.0
2005-08-22,43925.437390065075,32788.377755289024,54556.986849264016,44593.0
2005-08-29,48285.762019166825,36898.54555328689,58610.29804883943,46087.0
2005-09-05,49840.38771421483,38914.68451475675,61214.99870325773,50581.0
2005-09-12,49372.945476792025,38736.21174181807,59836.45139246761,48532.0
2005-09-19,49161.09796385068,39319.02926456367,59410.22353626189,49541.0
2005-09-26,49903.53347144644,39182.46525635426,60354.84936389639,50100.0
2005-10-03,50302.79548342628,38890.44554256849,61589.049678619434,47869.0
2005-10-10,49331.40269267641,37627.76488056648,60661.83029274,49595.0
2005-10-17,47806.07085126503,36278.8285793597,59145.67034735262,48630.0
2005-10-24,47229.651314388364,37300.14561682846,58612.96629677792,44300.0
2005-10-31,47793.23255354498,36792.81414783846,58069.68646054566,40137.0
2005-11-07,48467.378857067146,38059.20151977676,60340.968224759294,52129.0
2005-11-14,48897.00765538114,37719.41085593091,60057.00688397906,49190.0
2005-11-21,49970.12938230467,39017.350457516295,60703.99413565084,47353.0
2005-11-28,51714.9911912009,41231.982281934885,62773.95073011255,42177.0
2005-12-05,51426.054060608294,40312.203926835995,62338.02016327916,41401.0
2005-12-12,45586.54070165729,35167.26910930976,56348.30548806847,43042.0
2005-12-19,34508.60065136236,23628.713120543056,45711.278919534656,32466.0
2005-12-26,24222.59030261515,13778.123582788447,36019.6877918857,10010.0
2006-01-02,22183.929431094974,10802.114574784977,32713.85446431682,19829.0
2006-01-09,30337.078234410743,19555.455747296375,41116.155358083524,35234.0
2006-01-16,42844.32424182512,32314.219710703906,53486.215082800445,39592.0
2006-01-23,51312.66192600051,40826.0196369406,62863.43089936678,41771.0
2006-01-30,52281.36979899264,41584.85964161012,62887.21130661056,43223.0
2006-02-06,49302.31680962216,39228.75400394871,60024.81052326935,44592.0
2006-02-13,48013.24823413824,37478.23918110966,58962.33609314383,46968.0
2006-02-20,50145.039697384695,38220.263904686086,60833.71299872824,51759.0
2006-02-27,52852.60809367281,42498.07905484913,63789.82610351166,50892.0
2006-03-06,53105.23822335153,41618.70429425693,63974.03865972453,49035.0
2006-03-13,51304.04151718362,40766.435481569635,62497.85581651934,50615.0
2006-03-20,50103.51689655543,39334.22591791207,60819.36441389923,56900.0
2006-03-27,50681.26957625006,39527.086974868864,61639.59390414436,58442.0
2006-04-03,51471.449769317915,39750.04750696958,62581.236968799036,55075.0
2006-04-10,50662.98000963297,39401.53163750395,61878.61765588223,51540.0
2006-04-17,48804.25522686004,37826.414966564604,58960.96862502033,50580.0
2006-04-24,48017.584991741096,37438.26657828721,58067.563431946954,60384.0
2006-05-01,49033.12547844006,38178.48360124279,59510.961617665846,50110.0
2006-05-08,50130.90299040846,39539.72867113642,60715.559336853636,61567.0
2006-05-15,49430.754730829445,38296.89022600281,60469.31801251551,61806.0
2006-05-22,47449.38319227163,36731.98672904047,58371.262806650615,50675.0
2006-05-29,46476.6547996477,36438.56965791105,57955.65458577115,60197.0
2006-06-05,47563.5389487158,36348.15715590268,58433.87085431913,50399.0
2006-06-12,49119.543840500424,38926.568478181194,60019.171282941905,51697.0
2006-06-19,49016.87786077606,38378.98556928368,59805.801349335736,54804.0
2006-06-26,47427.22905345628,36916.7376241605,58163.12470549344,56345.0
2006-07-03,46554.2058711344,35828.66033122238,57131.741591466554,50905.0
2006-07-10,47479.063166797474,37072.23149879391,58561.04568783212,55044.0
2006-07-17,48276.495706461064,37319.89435528796,60067.88515592922,54310.0
2006-07-24,46145.13706425048,35785.34627319093,56438.50143503446,54163.0
2006-07-31,41158.14216857459,29494.992916800566,51734.23815699022,47725.0
2006-08-07,36915.8229924365,25713.23163903365,47202.967989317025,40106.0
2006-08-14,36985.51599170253,25665.100617558,47794.5868239472,34715.0
2006-08-21,41157.96566077229,29724.554893366738,52912.842750851574,51681.0
2006-08-28,45833.04229006941,35258.94871647129,56294.802223579325,46685.0
2006-09-04,47924.33817176627,35967.53590939045,58783.46438709985,50294.0
2006-09-11,47647.70487004422,37119.70648588983,58847.45134882817,46588.0
2006-09-18,47266.476285258585,37514.59193088288,58318.13804366405,48794.0
2006-09-25,47897.77948184655,36949.08162922491,58550.932322078996,50162.0
2006-10-02,48476.181284965685,38365.21741804975,59094.520032598884,47997.0
2006-10-09,47742.6054664151,37174.418823347514,58202.8545408743,50492.0
2006-10-16,46194.63880959603,35781.088510825444,56809.82331521192,47751.0
2006-10-23,45381.51687345415,33958.208725260454,56703.16678877877,45461.0
2006-10-30,45803.5617401328,34414.28590169194,56443.67602858476,41147.0
2006-11-06,46527.26385437469,34718.04689395333,58216.75786200137,48938.0
2006-11-13,46955.80800873833,35332.3504596169,57564.99550779907,50391.0
2006-11-20,47848.786860374545,36320.881080472005,59098.67801760172,52420.0
2006-11-27,49592.0196157633,38634.225685033154,60848.62399156728,55912.0
2006-12-04,49958.236737278174,38430.59207981188,61117.60868495847,47963.0
2006-12-11,45254.14110348478,34361.47194221676,56333.1939379525,52772.0
2006-12-18,34812.76661766912,24732.3451854071,45319.8552351365,40289.0
2006-12-25,23784.051802622893,13448.221294124276,34183.20351330192,10399.0
2007-01-01,19897.07931984918,8896.436236497952,30521.608705694012,24727.0
2007-01-08,26465.11475888585,15786.929728513825,37296.286589589436,47938.0
2007-01-15,38845.399537258134,28128.942546115617,49420.233436383336,52044.0
2007-01-22,48504.56064544546,37225.970117380355,59617.95362500828,50317.0
2007-01-29,50720.18439914283,39779.8818369069,61749.22772238062,50681.0
2007-02-05,47997.89458883424,37790.94563692766,58553.48809610953,55903.0
2007-02-12,46118.819520524776,35240.05846502329,57037.067862189295,60279.0
2007-02-19,47757.78268309275,36770.30318810062,58773.85825108324,62372.0
2007-02-26,50649.025484735685,39897.695963239035,61563.026290440175,60942.0
2007-03-05,51423.11694466075,40701.04073159328,62270.66494902703,58964.0
2007-03-12,49810.24961390653,38909.07276287869,60235.499696239494,57253.0
2007-03-19,48331.85275163468,38182.698038029775,59995.022476481376,57519.0
2007-03-26,48644.74995873266,38325.3449643137,59373.556891075736,57696.0
2007-04-02,49569.903569186354,38853.58180601375,60673.81538324581,51060.0
2007-04-09,49087.12856690882,37791.11251561522,59477.853630720296,44992.0
2007-04-16,47268.52849131426,36171.68776674069,58121.84989626254,56074.0
2007-04-23,46161.906220329,35521.67271997902,56778.935259365826,55920.0
2007-04-30,46925.98115799701,36004.16868669809,58672.885822073105,43392.0
2007-05-07,48186.85247781615,37362.61184021088,58919.72168986837,51911.0
2007-05-14,47853.2980255844,36587.29988344275,58376.53484603541,48321.0
2007-05-21,45948.414221832034,34505.56025564389,56794.06580140043,53835.0
2007-05-28,44644.330539686256,33584.3709626821,55386.07197495883,45949.0
2007-06-04,45413.868114827186,34360.17608613937,55854.34261089081,43144.0
2007-06-11,47072.372146271315,36517.147449835364,57902.32162669549,51128.0
2007-06-18,47340.10656555873,36797.624132112665,58568.051912911535,51776.0
2007-06-25,45879.30153814868,35400.668643732795,57047.22347485893,55154.0
2007-07-02,44721.89095296695,33493.33738028465,55805.67831394678,49873.0
2007-07-09,45385.21194193991,34128.93663372398,55891.403002962026,53256.0
2007-07-16,46439.04891302879,34806.27673533773,57769.62126296956,49680.0
2007-07-23,44944.750421080775,34175.57399688472,55875.98318664842,47487.0
2007-07-30,40276.57194406862,29476.786130439647,50349.66433062938,43107.0
2007-08-06,35575.279096785365,24875.79247223421,45838.337023735054,36931.0
2007-08-13,34757.02741645406,23946.36366212553,45815.743392174096,32903.0
2007-08-20,38404.69568515605,26761.656558524628,49061.77810104206,46011.0
2007-08-27,43287.704671004816,32286.07797497354,53474.78781875866,47049.0
2007-09-03,45926.71792500609,34567.31972119236,57092.165612493336,47785.0
2007-09-10,45923.04660485087,34126.48802306418,56511.09400945256,50411.0
2007-09-17,45411.065910356985,34375.61230231582,56350.57246999134,50936.0
2007-09-24,45890.78617135201,34214.04568110563,56792.958408008686,46011.0
2007-10-01,46602.02578656915,35856.53029760002,57568.395525037326,44449.0
2007-10-08,46124.525301160116,35288.694908599486,56943.55481019371,48724.0
2007-10-15,44610.11738072428,34572.277541495256,55486.17822930727,50813.0
2007-10-22,43577.438568765596,32230.22895785388,54785.66891488738,42591.0
2007-10-29,43822.328247313315,33770.09549113438,55119.08494234476,40402.0
2007-11-05,44573.00392261468,33506.29639574413,54879.92778180601,46119.0
2007-11-12,45030.0754738337,33868.19854693127,56330.975295493554,41842.0
2007-11-19,45762.70252949963,35070.343462060504,56343.35834575369,44497.0
2007-11-26,47430.40838155986,36706.78143249523,58172.44266880846,45458.0
2007-12-03,48320.33914272783,37418.69067370881,59642.73864188468,46621.0
2007-12-10,44721.32306301518,33289.93778325863,55830.4430674107,46850.0
2007-12-17,35089.93963007987,24445.613929609222,46196.366459522855,33419.0
2007-12-24,23585.985291470257,13260.315950653145,34386.331728649086,6250.0
2008-01-07,22790.010669716008,11586.598944764266,33447.946046914636,10832.0
2008-01-14,34748.108794914595,24669.928954480863,46614.20293164179,33598.0
2008-01-21,45437.446978195425,35300.67679162407,55990.80978160983,44163.0
2008-01-28,48992.15302121956,37897.68578514827,59218.72487647582,46185.0
2008-02-04,46730.31106916226,35351.4040433751,57187.644107469765,48852.0
2008-02-11,44351.656294760156,33705.53679849909,56051.81927912254,48433.0
2008-02-18,45413.381327811876,34125.904984397916,56492.41956664822,47748.0
2008-02-25,48367.993649718104,37217.42925550597,59133.905943325175,50148.0
2008-03-03,49656.2950991474,39142.89781705555,60887.136203287875,51667.0
2008-03-10,48323.74645992044,37705.38735409423,59671.646457986266,48489.0
2008-03-17,46626.33168483159,36081.497547344836,56946.35958970661,48693.0
2008-03-24,46630.29998618987,35788.20582085688,57035.11912450304,47016.0
2008-03-31,47616.73111537637,37103.04988892899,58404.8752824459,36569.0
2008-04-07,47462.40182819337,35835.20787371677,59424.8242112994,46281.0
2008-04-14,45758.33461994809,34185.97277656534,57278.350597920726,48144.0
2008-04-21,44373.90813515805,34086.16214366741,55235.78483632671,51297.0
2008-04-28,44836.96734751518,34081.7848859336,56029.99576935001,49252.0
2008-05-05,46185.30089496003,35712.04354518739,57151.53381435966,38475.0
2008-05-12,46218.94888152307,35311.287752654884,56707.42390501268,48525.0
2008-05-19,44468.78654700536,33258.62434145929,54680.25845894445,42111.0
2008-05-26,42886.49845947423,32105.670582242565,53976.63810904652,46218.0
2008-06-02,43296.01060012105,32034.179549077733,54013.18270999679,52190.0
2008-06-09,44974.728370581615,33973.89745213857,56108.933309895496,50509.0
2008-06-16,45600.67345186209,35376.20812212543,56444.79711648679,53774.0
2008-06-23,44342.54736137012,33943.578214613415,54469.31740266078,51460.0
2008-06-30,42956.882639540156,32346.88427469649,53356.917949392395,48936.0
2008-07-07,43308.73732612391,32694.090316985898,54329.86709143448,45538.0
2008-07-14,44513.40566582036,34291.919622474576,55449.75893735186,47456.0
2008-07-21,43631.57362225336,32471.90878647018,54241.70760943401,45948.0
2008-07-28,39391.47106778031,28749.84634847564,49178.995908726334,40031.0
2008-08-04,34368.671238590745,23925.28945354769,44812.91591399255,32189.0
2008-08-11,32682.462257221698,21576.483995085186,43883.47915607712,26582.0
2008-08-18,35691.328634840545,24003.23997196492,45717.28257992865,24612.0
2008-08-25,40661.21937327808,29722.769580232383,50551.53203801239,35220.0
2008-09-01,43837.21945664771,32704.26684275451,55932.99009476846,39023.0
2008-09-08,44184.517992766145,32929.8864537063,55284.233127988104,39001.0
2008-09-15,43594.49636910409,32393.384921414487,54232.47497281486,40527.0
2008-09-22,43893.11771007735,32777.21903755117,55234.00780204094,38781.0
2008-09-29,44684.82554304228,33690.530566422385,56041.94573495214,39271.0
2008-10-06,44469.03680121423,33420.63172050923,54964.25867670447,39284.0
2008-10-13,43043.38632179701,31931.064689764196,53935.721790104784,38199.0
2008-10-20,41819.21368004947,31219.828610579847,53033.86355308006,41002.0
2008-10-27,41857.25119554406,31116.77427426326,52465.13623959365,40589.0
2008-11-03,42604.66066156715,32120.064890869595,52892.09958595916,41169.0
2008-11-10,43112.30149797819,32123.555721425353,54358.41487765456,42068.0
2008-11-17,43713.71150343491,33117.477443982236,54448.06363592109,41342.0
2008-11-24,45250.81106671501,34367.32427472578,56271.14284743513,37959.0
2008-12-01,46533.564630099536,36040.01391522941,57144.38333248057,38139.0
2008-12-08,43979.14819608304,33037.881300498855,55185.41564098,39071.0
2008-12-15,35296.1327299888,24430.264670638844,46332.25124822675,35380.0
2008-12-22,23584.64489062278,12052.265045579321,34217.073062490286,29069.0
2008-12-29,16393.628412466547,6270.070776722895,27633.886878490302,5481.0
2009-01-05,19357.575106941753,9093.09015847788,30782.484132345067,622.0
2009-01-12,30602.578265974655,20399.293749685698,42036.215675084655,11438.0
2009-01-19,42121.24638751964,31066.087248022628,52845.117373938854,28325.0
2009-01-26,47065.866619519154,36813.05599101507,58085.228643547234,31351.0
2009-02-02,45466.06559247387,34772.34693499218,55831.77026842702,36359.0
2009-02-09,42709.87822026813,31325.60428812254,53079.7004162816,35440.0
2009-02-16,43135.093013207996,32471.386900188372,54564.000076674354,33768.0
2009-02-23,46025.36653192826,35025.080519348616,56530.03943678822,33466.0
2009-03-02,47795.944091401776,36963.51024190509,59773.11760931167,34111.0
2009-03-09,46826.49568840107,35549.37933043955,58031.7969817857,35917.0
2009-03-16,44983.96840656429,34439.32944738939,55622.00357348732,39101.0
2009-03-23,44651.523619862994,34269.503430926794,55189.55089234703,38080.0
2009-03-30,45621.63711187294,35626.095035999504,56444.442680774875,42896.0
2009-04-06,45781.00686749433,35477.93831116699,56408.75796945894,38399.0
2009-04-13,44259.42715261193,33424.96689799343,54279.88214158037,35547.0
2009-04-20,42652.71699235125,32109.66656618348,53830.12250408743,30500.0
2009-04-27,42780.11617350325,31953.198010154687,52982.63945043413,39213.0
2009-05-04,44136.380940910654,33059.90812398865,55789.320285645605,34439.0
2009-05-11,44520.078059413885,33537.95779344092,54720.15476978764,37693.0
2009-05-18,42994.89373408207,32172.571234690527,53753.57472987714,42467.0
2009-05-25,41200.19568324692,30653.889080707777,52416.57585100472,36561.0
2009-06-01,41223.678446868566,29663.666747591615,52001.27863399291,41570.0
2009-06-08,42838.82052888934,31603.17753525094,53700.254122315935,34635.0
2009-06-15,43792.94583174279,32960.1460365134,53722.81917238088,35236.0
2009-06-22,42801.26290718249,31755.370279520797,53837.36325092512,39937.0
2009-06-29,41255.877747944876,29997.419972148968,52106.51372385843,40180.0
2009-07-06,41266.06048855322,30143.63845718606,52385.329939971365,34619.0
2009-07-13,42516.301471620296,31339.73336513838,53070.06945741571,36270.0
2009-07-20,42199.50453896559,30689.151686978737,52540.68829935862,36205.0
2009-07-27,38476.58431062076,27647.8791954471,50480.410215575335,36848.0
2009-08-03,33276.823273120535,21821.45939883496,44425.77125330387,34759.0
2009-08-10,30770.00113937167,20214.2478580642,42959.3865954818,24983.0
2009-08-17,33043.37724580312,22801.687673620225,44343.06081527893,27104.0
2009-08-24,37969.00760703979,26147.957567879428,49528.21617186622,34838.0
2009-08-31,41648.64623119927,30687.77527157464,52394.78424880091,41138.0
2009-09-07,42416.67259051863,31572.584706567963,53041.044733636096,42441.0
2009-09-14,41813.40909183572,31278.453992588755,52419.39951737072,46039.0
2009-09-21,41914.548181361475,30886.299479620036,52564.55445511566,46283.0
2009-09-28,42731.214805120566,30737.97496929894,53609.90615723407,46232.0
2009-10-05,42769.811451941845,31741.647327940613,53908.48037945783,44040.0
2009-10-12,41484.30929010919,30019.065467134937,52057.953852598046,42381.0
2009-10-19,40106.511923102094,29321.136792476627,51377.32680774727,39820.0
2009-10-26,39916.0419092854,29344.024221603333,50402.217638687776,38750.0
2009-11-02,40624.27858078045,30029.446716599647,52316.77632351068,33979.0
2009-11-09,41195.3652642651,30357.513397330244,52298.7262634629,36489.0
2009-11-16,41700.66239935988,30998.522521658622,52014.43541415955,37777.0
2009-11-23,43071.02514239381,32183.71097104298,54299.71574693602,39491.0
2009-11-30,44621.39402790356,34003.935373293854,54830.39582589402,43385.0
2009-12-07,43025.616141505314,32532.379964745,53151.64238848539,43950.0
2009-12-14,35392.005299261444,24622.984962295843,46601.99590932228,36207.0
2009-12-21,23732.62795085161,13042.713816547868,35339.48203096776,36954.0
2009-12-28,15166.029204262348,4472.139845570505,25665.756549989,11519.0
2010-01-04,16207.441624611301,5961.719940776073,27114.215344592147,13637.0
2010-01-11,26462.12882647263,15151.272507719432,37325.426316183475,29023.0
2010-01-18,38574.70704772878,28511.10975085839,49755.719425660405,38402.0
2010-01-25,44915.10785714182,33814.25693701223,55463.68758890436,36500.0
2010-02-01,44168.71634652421,32872.03745545797,54254.693968149644,34426.0
2010-02-08,41185.16548711409,30583.414528670502,51680.48942674627,38042.0
2010-02-15,40943.84858721567,30497.839192409454,51109.02017904515,41154.0
2010-02-22,43640.51212323591,32651.4492139077,54725.50812155733,44168.0
2010-03-01,45837.33226700217,35359.953530572246,57128.63835006665,43183.0
2010-03-08,45300.0699712605,34672.90048722329,56541.08128536613,44924.0
2010-03-15,43398.090099182125,33598.21280702495,54982.26551592907,41628.0
2010-03-22,42720.23772706163,32295.674014550907,54600.05814281819,45196.0
2010-03-29,43596.62834774849,32753.35020616568,54688.35113728316,40678.0
2010-04-05,44038.15058573744,33289.26773565075,55403.4390454177,33336.0
2010-04-12,42757.10614657543,32295.50116593506,53489.48656245214,42460.0
2010-04-19,40994.19472789383,31075.587038118574,51732.48911790948,44671.0
2010-04-26,40767.83285754932,28920.402371841126,51062.86277033603,42891.0
2010-05-03,42052.47368418204,31228.641644148076,52441.68609958463,42835.0
2010-05-10,42752.2122889315,31904.48056792831,53300.58522421774,36677.0
2010-05-17,41510.973473895254,31356.47617420771,52169.112694887815,41725.0
2010-05-24,39579.150147229586,28632.227447791527,49952.589341315004,35395.0
2010-05-31,39208.49565626411,28910.951107535257,50575.63853849507,37406.0
2010-06-07,40678.79419113534,29563.226081175442,51589.366473382106,41247.0
2010-06-14,41914.68857219897,30667.619905642354,53981.705836178815,43565.0
2010-06-21,41239.9461637529,30315.91321642093,51991.21874688569,42502.0
2010-06-28,39612.02873209106,29622.332246361366,50908.98083037172,43637.0
2010-07-05,39270.865535908735,27646.514426196874,50097.138958486066,37984.0
2010-07-12,40466.47950775157,29815.864174524526,51063.786267954805,41656.0
2010-07-19,40647.28905100189,29409.121244904785,51394.91306314674,44816.0
2010-07-26,37507.646474610985,26415.57448297882,48443.69761913867,43589.0
2010-08-02,32277.132973831485,21645.51895046487,42929.861437128166,38206.0
2010-08-09,29022.750776663914,18339.948120370995,40447.83283381669,37416.0
2010-08-16,30485.191269164134,19602.178104976003,42061.319211857415,39915.0
2010-08-23,35230.00607181349,23945.39448400629,45793.643669586134,45265.0
2010-08-30,39357.43720616244,27236.102946711264,50307.6127437668,40803.0
2010-09-06,40603.79737002624,29438.465192065738,51519.008174204275,41179.0
2010-09-13,40061.48316101621,29082.08700766176,50759.37265676516,39444.0
2010-09-20,39963.467168361225,28932.58860563322,51200.253197181584,41681.0
2010-09-27,40749.613309888504,29901.971769754266,51621.29249549111,41576.0
2010-10-04,41022.65659137112,30292.660752829892,52835.88504608179,39871.0
2010-10-11,39943.90956738042,29591.261282784177,51019.55741044309,39105.0
2010-10-18,38480.16427782424,27569.70413342865,48937.058770949225,40760.0
2010-10-25,38070.929233014525,27300.977852817367,48835.728848321676,35158.0
2010-11-01,38722.4563781368,27008.59834196217,48687.52515604118,33917.0
2010-11-08,39381.470254695494,28417.559908800467,50757.64636826585,41026.0
2010-11-15,39849.976194542076,27983.400629071206,50957.809538200985,40313.0
2010-11-22,41057.29163567857,30205.26979232918,51739.827050779175,41423.0
2010-11-29,42781.900436054995,31806.73096029809,53475.906536726594,34541.0
2010-12-06,42060.31731596019,31048.74688768311,53074.12704543602,30038.0
2010-12-13,35560.64999749337,24607.742569543047,46485.036253043894,32511.0
2010-12-20,24218.921555146033,13655.64076034207,34780.85213927008,16533.0
2010-12-27,14525.281259016034,3182.944099001737,24898.172535986545,4492.0
2011-01-03,13653.614786782846,3189.8907846776738,24148.567577551865,10780.0
2011-01-10,22685.075339279214,11964.91462843827,33586.08394633175,32931.0
2011-01-17,35150.215358014604,24199.008563645242,46150.35463427008,39136.0
2011-01-24,42866.93275024319,33049.68275234637,53653.69636425581,41305.0
2011-01-31,43168.75109592984,31982.434660191775,53364.54315547148,44713.0
2011-02-07,40152.97788598129,28972.520999016495,50641.667816759844,48479.0
2011-02-14,39269.024287200395,27209.79503499501,50828.899730341596,50142.0
2011-02-21,41669.07653040234,30237.600461482016,52826.618131673466,48224.0
2011-02-28,44235.4497479628,32285.681880683205,55124.49435690002,48044.0
2011-03-07,44203.48117685705,33530.70669477423,55103.02683138374,49615.0
2011-03-14,42357.160453576216,31389.78379438883,52774.34229637811,47894.0
2011-03-21,41366.07375968732,30456.025215534828,51943.508461600955,52850.0
2011-03-28,42097.348110454084,30226.004313537862,52344.52236016315,51246.0
2011-04-04,42795.91736933323,32432.696956678883,54183.974372550394,53251.0
2011-04-11,41822.261979216,30670.887535330607,52811.61202420982,51896.0
2011-04-18,39998.135207375635,28614.814415637724,51812.846838948855,49237.0
2011-04-25,39438.955231237385,28335.95714264937,50331.388095300295,38859.0
2011-05-02,40597.93655421852,30473.354275568185,51285.9569560958,47349.0
2011-05-09,41586.24826354253,32054.304931394225,52438.39739887532,47191.0
2011-05-16,40695.54886634374,29221.061836447276,51162.74278250002,47904.0
2011-05-23,38729.45441639333,28520.167668540467,49337.67719681409,43790.0
2011-05-30,37996.491969326285,27183.492642173685,48708.001668313664,35083.0
2011-06-06,39268.7746454704,28446.360987102973,50781.14120738473,42012.0
2011-06-13,40747.576182590485,29526.82547132431,51959.88389793558,34744.0
2011-06-20,40446.167152442125,29821.435614002265,51844.42135160956,34940.0
2011-06-27,38839.13616381693,27655.360749515494,49756.42298198766,37923.0
2011-07-04,38178.988232148826,27218.267258875832,48868.38263291535,35654.0
2011-07-11,39250.90787108424,28459.23157648371,49137.041372407184,37923.0
2011-07-18,39867.19956032485,29479.623380039757,50512.44937782998,37043.0
2011-07-25,37373.72724913878,26972.770158872023,48412.16184709864,34266.0
2011-08-01,32276.573320465417,21690.25231017004,44447.805269227116,28821.0
2011-08-08,28392.407652991325,17431.81636230169,38838.39695910798,26303.0
2011-08-15,29014.51290723091,18388.095098178386,40264.206971084575,25838.0
2011-08-22,33463.24959995001,22130.427003723922,44495.385678762315,32056.0
2011-08-29,37982.90831220214,26733.31846332072,48688.451356729674,34469.0
2011-09-05,39771.22294682055,28996.378838080076,50198.344335231996,34690.0
2011-09-12,39391.83088033244,28333.52663161721,50607.70705868142,35912.0
2011-09-19,39130.23469280679,28517.231867545277,49760.985712811605,35164.0
2011-09-26,39855.341816477114,29717.166625454025,50075.03928435585,35649.0
2011-10-03,40352.994388407285,29764.259725638,51258.907980447286,34717.0
2011-10-10,39495.44179723345,29314.835082870388,50102.977988068196,36997.0
2011-10-17,37976.045290833696,27073.980838402615,48787.368349170436,34753.0
2011-10-24,37325.29180386927,26364.239472553378,47894.705255021596,32996.0
2011-10-31,37858.49092755922,26213.64440910334,48493.72292740613,30198.0
2011-11-07,38576.28845406888,27474.07742588814,49056.656996920225,41853.0
2011-11-14,39023.20900551398,28064.51972542316,49691.126035096335,41384.0
2011-11-21,40044.308822746774,29015.12364265386,51500.06033484152,41771.0
2011-11-28,41820.23396936016,31233.902483483056,52162.572453150926,44552.0
2011-12-05,41830.615335713796,31307.020852000318,52829.35606903568,37886.0
2011-12-12,36468.48980416324,26139.971704813768,47102.833734717395,44048.0
2011-12-19,25643.938241594988,14595.697953392135,36616.443212045975,34283.0
2011-12-26,15050.79968542839,3911.7235613032,26411.70766466282,5823.0
2012-01-02,12283.463558459425,1863.2725284638743,24022.350542386328,10279.0
2012-01-09,19846.2541552641,8599.762543445899,30338.62452495118,33210.0
2012-01-16,32359.70226349168,21041.61695902575,42961.8697809909,38998.0
2012-01-23,41342.56258834939,30620.815594162614,51782.915414136034,42283.0
2012-01-30,42818.204282305596,32332.73914657596,53319.4040444597,39230.0
2012-02-06,39939.2925817636,29144.085750625207,50588.03046383857,35961.0
2012-02-13,38427.1748261254,27779.130567698565,49221.0302537398,38295.0
2012-02-20,40395.05073191866,28885.113071027787,52707.66722217987,39512.0
2012-02-27,43211.50180167517,32183.88961201834,53335.90609157494,40035.0
2012-03-05,43693.696016471746,32330.69389822376,54730.394920387895,39567.0
2012-03-12,41978.078279936955,31255.866636141673,52731.506114908945,40520.0
2012-03-19,40682.096576069205,29765.85901215908,51668.67585635252,40940.0
2012-03-26,41181.831790731914,30276.1692824796,51694.837643666855,46175.0
2012-04-02,42056.10938331476,31363.69661285878,53477.96115221188,42200.0
2012-04-09,41398.14313245716,30576.85899545465,53199.50324038352,35371.0
2012-04-16,39567.95847261299,28763.453091594292,50285.159155741174,42371.0
2012-04-23,38670.88130959847,27137.289386435245,48518.040335470956,41304.0
2012-04-30,39614.3225955959,28246.71837941604,49643.11814628789,32129.0
2012-05-07,40807.68457467929,29748.271131100973,51803.989847713034,41035.0
2012-05-14,40274.62958066644,29633.75665269507,51014.311033211685,34871.0
2012-05-21,38335.78312018763,27303.303949019602,48935.378656601555,40736.0
2012-05-28,37246.73578737361,27048.733339410115,47443.57554265667,35265.0
2012-06-04,38234.472447946,27457.510469785244,49015.318845410875,34737.0
2012-06-11,39862.76595142663,28601.940348856086,51094.32764020417,38104.0
2012-06-18,39930.22387820716,28868.017787261273,50285.680130733184,39018.0
2012-06-25,38404.435780677915,27079.553811986465,48895.51984852707,35174.0
2012-07-02,37433.5340009357,26041.45402503503,48455.75214667613,34094.0
2012-07-09,38282.64589246402,26718.0013532017,48744.6553010417,36419.0
2012-07-16,39216.80385916794,28058.196907754424,50067.04291725181,35707.0
2012-07-23,37363.345390287526,26295.946545923358,48245.3413884604,34211.0
2012-07-30,32511.300109913136,21403.383463275706,43227.54672066452,29698.0
2012-08-06,28091.2458425887,16895.97841602762,39686.93256672276,28435.0
2012-08-13,27826.827654606004,16359.464687432122,38731.28675256079,21771.0
2012-08-20,31825.651924477934,21453.468990773814,41535.74133200245,34085.0
2012-08-27,36619.279886246266,26330.055453968864,46643.85295072251,31959.0
2012-09-03,38951.20482163622,28091.774994515086,49730.73304210557,34949.0
2012-09-10,38795.71498953395,28246.188856748326,50205.98372258266,35724.0
2012-09-17,38378.40344910477,27851.592430161545,48515.09709982375,34742.0
2012-09-24,38975.04871030593,28316.205748909102,50540.092060004274,36466.0
2012-10-01,39634.22123737323,28100.71164672575,50491.658528516935,35653.0
2012-10-08,39023.25368775679,28989.582228125888,49894.125420750956,38081.0
2012-10-15,37503.637076484345,26374.05694438732,49151.822723614154,39107.0
2012-10-22,36621.68356660098,25908.174431966676,48088.02553066269,33451.0
2012-10-29,36998.53868322427,26105.58403509072,47511.694275877766,32126.0
2012-11-05,37757.886143464464,26893.987748899704,48835.91025961163,35954.0
2012-11-12,38216.346219057836,26953.737357218804,50178.47717446453,38839.0
2012-11-19,39063.89044700997,28419.164602160094,50121.444878830116,41077.0
2012-11-26,40806.41856588416,29598.542793141347,52317.940418188526,42848.0
2012-12-03,41419.662543860424,30386.18897820339,52944.31413679384,35208.0
2012-12-10,37184.7001391291,26796.961251585424,48113.93382715253,39066.0
2012-12-17,27070.083367158215,16400.31312769099,37529.624515174415,32389.0
2012-12-24,15840.650583115043,5009.947903251359,26836.57777445612,1993.0
2013-01-07,17174.45069059626,6294.042239547383,28121.950227642432,9705.0
2013-01-14,29442.93641657904,18690.424216232135,39637.03795297036,32220.0
2013-01-21,39557.4840117455,28115.697082414885,51041.83265132394,32643.0
2013-01-28,42321.57452890075,31771.647041941626,53467.03627093833,39816.0
2013-02-04,39780.63551276915,28552.60214310055,50677.44871557111,39125.0
2013-02-11,37710.722468002656,26904.133710699247,48454.27050598201,40860.0
2013-02-18,39149.29355948439,28762.43161501474,50465.605006143196,38638.0
2013-02-25,42102.53858464007,30994.90095491759,52946.28282337792,44944.0
2013-03-04,43106.243508494255,32577.581611613976,54108.74325823613,43290.0
2013-03-11,41616.553313019605,30087.369392386423,53215.053567185656,37602.0
2013-03-18,40064.256988806475,28837.44461276492,51324.21819061314,39117.0
2013-03-25,40279.67269554429,28939.078375916233,51262.3052951781,44287.0
2013-04-01,41260.16657446636,30350.42339488657,52626.275696296754,38417.0
2013-04-08,40931.10273936544,29742.228333306517,52834.0071529817,27945.0
2013-04-15,39171.34422543399,27840.28481589296,49786.401415437926,40268.0
2013-04-22,37969.4157147442,26361.268973732655,49056.194661319416,42767.0
2013-04-29,38639.91922017499,27561.709603571035,49894.0834326592,41408.0
2013-05-06,39966.83304799686,29036.773143664654,50993.697906510395,38114.0
2013-05-13,39802.76957678916,29736.50607887003,50426.45973012482,36729.0
2013-05-20,37972.43136803359,26954.568480716374,48439.66033517342,45554.0
2013-05-27,36571.59332394115,26223.05778970177,46804.3836506524,42190.0
2013-06-03,37223.023310894336,26693.50560896686,47550.23057793425,37575.0
2013-06-10,38921.33951374794,27097.079286425236,49511.4779485379,36514.0
2013-06-17,39356.520766726026,27998.743838303537,50717.01995400106,40852.0
2013-06-24,37990.09037708676,27734.513271876076,49407.47180446032,40824.0
2013-07-01,36755.547156116285,25401.02414936853,47029.58792359283,42119.0
2013-07-08,37320.8760069206,27170.885257186303,47957.38515351558,39594.0
2013-07-15,38469.48348007538,27800.601112576194,49222.996510871424,40867.0
2013-07-22,37246.133045167975,25480.018906550078,48358.498478028756,40110.0
2013-07-29,32758.80538893363,21338.67823752723,42739.038293925674,39722.0
2013-08-05,27933.575707503587,17022.183229511116,39066.81180681087,31327.0
2013-08-12,26785.86397991833,15884.208587195897,38137.55590601781,29961.0
2013-08-19,30212.496850072217,18453.929144202575,40579.240465085844,26484.0
2013-08-26,35167.12695066669,24690.836293063378,46693.14805890242,36921.0
2013-09-02,38045.158371684876,27142.683969310805,49492.42269962848,33381.0
2013-09-09,38194.56325070475,26990.714357969184,48822.7833429676,38966.0
2013-09-16,37665.989153185015,26922.950049323572,49455.10503081889,39385.0
2013-09-23,38097.797306544846,27538.927397729985,49040.49821372329,39442.0
2013-09-30,38869.43116345714,28100.683288207016,49999.05387601657,41360.0
2013-10-07,38518.342530138456,27056.39338642854,49287.49692754059,41073.0
2013-10-14,37054.64284771408,26103.990235576202,48178.498677082775,40079.0
2013-10-21,35963.09636735257,25211.67345486063,47569.252108408546,40870.0
2013-10-28,36150.07961533316,24288.4265536444,46944.74458488898,42584.0
2013-11-04,36925.12198345659,26478.552160937623,48582.06667895792,35155.0
2013-11-11,37421.9388047869,25395.65597412511,48592.58186672435,45176.0
2013-11-18,38119.84938633071,26989.13195666785,48785.66178983915,42789.0
2013-11-25,39762.531460199236,29127.23433850451,50874.54473660223,41655.0
2013-12-02,40846.766531629386,30048.274805637,51185.5173720369,41459.0
2013-12-09,37696.06534824516,26977.8302260568,49299.46345852017,42148.0
2013-12-16,28451.15712305564,17788.79257112996,39128.793100001,46630.0
2013-12-23,16854.01293660127,6204.846050767899,28144.386792850284,32795.0
2013-12-30,10606.663115523086,162.13338961570838,21410.901271708033,4787.0
2014-01-06,14718.48089600188,2945.8898929174948,25527.277019101897,4533.0
2014-01-13,26447.36832367973,16095.208755388225,38228.49096541209,25294.0
2014-01-20,37516.29557548379,26586.14455519632,48229.4573523531,41915.0
2014-01-27,41644.99848884076,30639.851943618323,53400.839517000204,41604.0
2014-02-03,39645.84967453036,28419.423063941995,49867.920456514476,41959.0
2014-02-10,37121.54597277328,26392.737245874774,48031.54615795008,32493.0
2014-02-17,37955.90032900191,27422.61878317826,49049.75281934041,44448.0
2014-02-24,40922.00294320204,29541.903510879998,51582.98310820493,48337.0
2014-03-03,42430.10020684191,32127.167781466283,53917.15384909506,46289.0
2014-03-10,41255.20682956184,30850.139417527946,52300.430139431795,48183.0
2014-03-17,39511.81607264512,29397.942464769774,49679.13327946076,48339.0
2014-03-24,39405.19300324222,27977.519381457998,49972.049311129784,49772.0
2014-03-31,40416.168879137505,29524.47596091012,51418.50958807665,39874.0
2014-04-07,40411.73263059576,28666.725513798996,51517.06644784209,44042.0
2014-04-14,38794.66565010359,27303.752851640507,49723.72471036356,39564.0
2014-04-21,37335.68031914929,26648.93794516138,48066.75766705961,39819.0
2014-04-28,37689.41248955528,26439.905673222238,49043.01354985942,30361.0
2014-05-05,39072.22905878948,28463.787192763793,49613.37768756143,34532.0
2014-05-12,39270.606130178494,28551.16366470678,50102.800353651706,42015.0
2014-05-19,37624.24531192916,26736.051875210018,48677.808671917475,42736.0
2014-05-26,35970.16813707729,25186.630444281214,46601.800669091695,40128.0
2014-06-02,36249.082992081836,25496.30075206143,46858.132454331266,37809.0
2014-06-09,37934.051557884406,27523.329101390747,48200.13510656636,40574.0
2014-06-16,38717.509234012745,26635.216953011586,48691.260354121485,40194.0
2014-06-23,37580.66463004062,26695.71832565599,47913.07891391025,36389.0
2014-06-30,36143.99227676654,25083.611404972064,47488.53043090143,42342.0
2014-07-07,36383.33848581051,26197.431415335268,47316.26585681712,40052.0
2014-07-14,37640.36496113137,27104.696718070358,48841.34318451575,39516.0
2014-07-21,37013.109206184155,26067.126939330727,47479.674665517254,34650.0
2014-07-28,32992.09948857367,21474.00685720731,43405.94308241251,33291.0
2014-08-04,27902.63181355702,16947.243652362446,39040.55720267581,25674.0
2014-08-11,25902.686216437858,15779.233653722555,37019.084449584145,21191.0
2014-08-18,28649.52723919446,17655.245996611946,40297.84642452484,22748.0
2014-08-25,33639.54137260082,23120.591534129206,44477.95859668677,31697.0
2014-09-01,37043.949648214584,26442.25719431781,47381.19247551217,34087.0
2014-09-08,37573.44268189542,26725.368852864663,48612.80222147197,31068.0
2014-09-15,36991.432995907686,26487.109322637258,47570.603156255886,35509.0
2014-09-22,37233.90952542742,25895.40178052347,48494.64372776322,33769.0
2014-09-29,38064.0108540083,27069.14585592738,48399.434877325795,29548.0
2014-10-06,37973.25492324023,26842.59361049327,48793.335977482246,33211.0
2014-10-13,36619.47977233404,25819.220394862496,47868.80580648534,35975.0
2014-10-20,35350.49239314051,24963.0500815006,46421.23950639195,34918.0
2014-10-27,35320.89128688499,24377.062779612417,46434.22769441009,33662.0
2014-11-03,36078.85948762743,26062.43282260921,47698.901952534696,31795.0
2014-11-10,36632.562733368155,25943.827962426734,47612.52027982668,40403.0
2014-11-17,37212.77447141451,25866.099810457144,48222.39653067201,36943.0
2014-11-24,38708.14925454848,27909.892196036464,49706.04948367201,33287.0
2014-12-01,40134.1750648756,29465.34057415949,51124.80272174682,37666.0
2014-12-08,37996.4610215951,27215.81690750077,49985.53510340857,33951.0
2014-12-15,29744.895606666305,18456.606093985694,39334.87541801427,31801.0
2014-12-22,18045.49144177427,6692.668734625832,28570.107206560962,31573.0
2014-12-29,10300.461472582272,-215.00442861109508,21014.990922659064,4266.0
2015-01-05,12521.850410218887,1436.717852455589,23445.040803523367,2343.0
2015-01-12,23424.597899717723,12426.521506876925,35050.22254108754,14434.0
2015-01-19,35232.47330322958,24090.750386332074,45268.31646159634,37902.0
2015-01-26,40758.98426173547,29160.243551256182,51582.181243392486,37879.0
2015-02-02,39500.10597145248,28872.536006483504,49892.75887224036,36881.0
2015-02-09,36655.20472922287,25258.173254917703,47011.670590615504,31370.0
2015-02-16,36837.335628932415,26620.000379807567,48206.26487165969,34693.0
2015-02-23,39687.23805702456,28467.06717670823,51189.34654924363,40370.0
2015-03-02,41658.01736355569,31039.682483705034,52285.31018693832,36466.0
2015-03-09,40875.73798446911,29994.225500084383,51032.579448630706,36579.0
2015-03-16,39020.29750233774,28390.363126596476,49748.00418160204,40786.0
2015-03-23,38571.367668299325,27366.398651387342,49009.72898428952,39132.0
2015-03-30,39534.807967148576,28580.467038885683,50713.03888888272,41447.0
2015-04-06,39833.39942469393,28898.147731808323,50593.303716419796,33093.0
2015-04-13,38423.40659578702,27646.47838164695,48997.12360271422,32298.0
2015-04-20,36767.47984249174,26867.538696786603,48250.22342365572,40819.0
2015-04-27,36776.26142773242,26099.12376631885,47924.39603783731,39412.0
2015-05-04,38134.971313220594,27779.271577547792,49754.91016628624,27633.0
2015-05-11,38671.73827064231,28361.56750745657,49604.74010354885,38213.0
2015-05-18,37275.46570023018,26554.97259419904,48472.4701094339,28240.0
2015-05-25,35438.146937808204,25173.099840470764,46366.338064456024,34201.0
2015-06-01,35325.6018206577,24227.020047471062,45547.323757841295,31107.0
2015-06-08,36913.961826076986,26144.761058734177,47033.99819840165,32870.0
2015-06-15,38008.891524893836,27575.71631143436,48225.486732494675,33185.0
2015-06-22,37160.438554103996,25960.570110588447,47121.36462099894,35360.0
2015-06-29,35594.10630883679,24422.993228894706,46323.34824793694,33281.0
2015-07-06,35485.43500085619,24842.874184072825,46405.95231970476,30505.0
2015-07-13,36747.09104532727,24975.021329621897,47351.24904750357,30181.0
2015-07-20,36660.111559087,25876.29675425284,46725.881076004975,31773.0
2015-07-27,33185.61140685417,22330.907982856614,44097.62721445667,25800.0
2015-08-03,27977.77294114756,17274.81175028901,38510.83391893752,23400.0
2015-08-10,25183.477709458173,14434.999289594276,36482.93972889021,19973.0
2015-08-17,27161.90689580355,15293.5020262524,37889.63446415193,22785.0
2015-08-24,32053.412242794657,21383.548265303754,42718.44630020237,31541.0
2015-08-31,35941.78065503648,24822.901447962267,46747.67817082281,34421.0
2015-09-07,36916.7094848018,26675.83143956273,47901.56582048508,38381.0
2015-09-14,36350.17958070611,25477.199833472296,47198.08533745596,37329.0
2015-09-21,36392.674384146696,25271.605544466922,47558.47725870385,31095.0
2015-09-28,37225.357098871165,25399.92938461791,47274.790430786205,33441.0
2015-10-05,37382.48160756946,26821.895525451975,48082.30315106647,33398.0
2015-10-12,36187.741684451816,25652.410682554346,47256.851590125894,36084.0
2015-10-19,34782.664608071376,23439.941706483787,45539.3367447768,33912.0
2015-10-26,34518.538659909944,23395.18558440167,45580.20384075663,35020.0
2015-11-02,35221.90396111972,24158.449517388777,45378.88004087381,29627.0
2015-11-09,35841.41015969716,25949.81049671765,47175.09452150011,40531.0
2015-11-16,36340.45142102697,25463.230555815328,47540.60936845295,44006.0
2015-11-23,37659.79159834631,26629.411377987108,48767.6668623933,46310.0
2015-11-30,39305.96860774965,28064.788732190664,50483.22985234957,40420.0
2015-12-07,38086.54925042227,27815.959944476435,48797.698878117735,37451.0
2015-12-14,30914.112132313756,19496.63054694452,42099.87895852081,42865.0
2015-12-21,19366.663184787038,8923.614430357275,30606.483147073577,37796.0
2015-12-28,10333.596252768479,-67.33576142317412,21347.70400572401,11979.0
2016-01-04,10621.354480994954,-625.6378548548519,20853.245024674565,19793.0
2016-01-11,20428.755731464917,8981.63177642373,30579.912613990175,35745.0
2016-01-18,32728.213817169508,21887.7855119188,43848.526016267555,40280.0
2016-01-25,39639.74774474835,28207.53108883671,50455.72669029201,34364.0
2016-02-01,39306.15549175099,28284.51002902915,50208.705204681246,39093.0
2016-02-08,36300.79244668005,25539.249528995337,46220.793867038876,35260.0
2016-02-15,35813.28449443442,24912.721763907106,47169.22204144146,33621.0
2016-02-22,38418.805061845385,27390.69594342414,49572.41853866215,29365.0
2016-02-29,40787.02212531473,29477.98288222242,52210.00442156417,32794.0
2016-03-07,40459.81867852057,29925.37669858702,51524.145908436745,29830.0
2016-03-14,38581.608288373216,26947.660683979222,48841.11660722189,32223.0
2016-03-21,37789.10630520569,26234.831316113272,47977.37764094159,36147.0
2016-03-28,38628.84596482456,27224.288083759267,49004.74619530155,28604.0
2016-04-04,39192.589702709716,27934.371226215888,49873.183221504594,36337.0
2016-04-11,38042.89316042154,27048.356272047455,48385.73656598701,38675.0
2016-04-18,36259.422172768915,25397.87403457133,46977.949314199526,40555.0
2016-04-25,35912.0472773368,25028.897316754406,46544.26126854586,37340.0
2016-05-02,37168.174988496634,25979.50497809987,48893.66413423783,31264.0
2016-05-09,38003.020025803555,27678.62426882504,49559.49225657104,36603.0
2016-05-16,36910.478605051,26576.580908586595,48905.37844781039,30623.0
2016-05-23,34968.01071871654,24045.712332620336,45529.534483446434,29520.0
2016-05-30,34463.206887284934,23035.85715199189,44977.881273492894,33338.0
2016-06-06,35875.80365725366,25161.582591815153,45655.49476730482,36812.0
2016-06-13,37229.83160235734,26037.548673969508,48351.96451177151,34366.0
2016-06-20,36714.214205641525,25569.28886835976,47985.06039218479,34212.0
2016-06-27,35097.73688131845,23979.91223799752,46867.701646477224,30688.0
2016-07-04,34639.59255828898,24311.156863622324,45369.95253253419,29490.0
2016-07-11,35808.959079584485,24940.738341359232,46631.2875326416,29632.0
2016-07-18,36187.804461398744,24434.100802390556,46614.37941211928,32324.0
2016-07-25,33316.123168244245,22613.498047482593,44716.1669260119,29454.0
2016-08-01,28135.258871379985,16786.190919747933,39301.9780027467,28009.0
2016-08-08,24629.258657227765,14001.745347139535,35661.164626626276,29843.0
2016-08-15,25773.251921583746,15433.357739516287,35870.95078683737,25332.0
2016-08-22,30428.92314819674,20114.741782494246,41342.99673444556,34503.0
2016-08-29,34736.66020070045,23101.58605844378,45251.24730103924,40280.0
2016-09-05,36208.75892685716,25536.538344150293,46322.1534394154,39794.0
2016-09-12,35734.764869709805,25105.813181669735,45954.0993951522,39900.0
2016-09-19,35581.77273848222,24822.913553467766,46253.616293604195,39262.0
2016-09-26,36362.48133142157,25167.631801640346,47550.24157827501,37536.0
2016-10-03,36742.75524633737,26575.568711693344,47905.100999267015,36018.0
2016-10-10,35748.715136293686,25281.379016135663,46181.19373479646,38642.0
2016-10-17,34256.219271102986,23674.595313773716,45115.489543386626,37004.0
2016-10-24,33749.873023322274,22278.33882867242,44389.85893551023,28957.0
2016-10-31,34358.813214242444,23688.863377341033,45929.44748468797,34284.0
2016-11-07,35042.80193178355,23492.148166912175,45427.08056268095,35902.0
2016-11-14,35498.39520213367,24637.626554379647,45960.57240585981,35425.0
2016-11-21,36630.55161645963,25969.040732152145,47839.455430429145,36520.0
2016-11-28,38386.96118198056,26838.61058289476,48731.12270259361,39457.0
2016-12-05,37973.24072271186,27020.44901389783,49369.11576780825,34694.0
2016-12-12,31927.610556979802,20620.806098085777,43043.15601575323,37519.0
2016-12-19,20767.68428492721,9236.412427890957,32710.124137429622,26547.0
2016-12-26,10683.36352761844,-415.5591745505042,21388.31538337189,8818.0
2017-01-02,9045.911171490463,-1538.326054034023,19552.457522223893,14432.0
2017-01-09,17514.77669787096,6692.139625307034,28309.138869261526,31638.0
2017-01-16,30033.952974208754,18009.8912929619,41465.08436936271,35758.0
2017-01-23,38270.370719373794,27188.22430825959,49071.41173896628,35324.0
2017-01-30,39025.72953121844,28264.812781064804,50026.45689124167,32405.0
2017-02-06,36041.06553338189,24729.054196261164,46137.02921505195,33363.0
2017-02-13,34899.58273171216,24304.623826158404,46021.325034032096,33832.0
2017-02-20,37139.62186130085,26249.8860565447,47278.27539529857,36233.0
2017-02-27,39818.727862094354,27301.14275041575,50457.0959511573,35635.0
2017-03-06,39990.01676792131,28910.648274390085,51008.836356903346,37557.0
2017-03-13,38184.345425207546,26950.9918533749,49199.17125473702,34755.0
2017-03-20,37066.62705441167,25646.370041230708,47686.67256119695,38913.0
2017-03-27,37712.4616383292,27168.514530245167,48004.71943154719,38803.0
2017-04-03,38489.09889603226,28177.179509364985,49448.352893078016,36601.0
2017-04-10,37639.034301267966,26801.786662638464,48541.16642004598,36834.0
2017-04-17,35803.19614699685,24851.461982293735,46643.46558959412,28633.0
2017-04-24,35105.91552960119,24454.931253604125,45583.05369589754,36281.0
2017-05-01,36186.32881709769,25336.349705491873,47172.89622255466,30255.0
2017-05-08,37264.69650590891,25852.70905673646,47612.35166126034,38363.0
2017-05-15,36514.55699290918,25417.89096584448,47817.03799172958,37677.0
2017-05-22,34549.398141013866,23862.823035262358,46106.089481206924,30241.0
2017-05-29,33669.69644619134,22705.224313047507,43926.025544281176,31898.0
2017-06-05,34835.27297417428,24441.236509184,44888.559476427734,28421.0
2017-06-12,36382.9951589211,25038.265834506623,47466.10813365821,32665.0
2017-06-19,36228.086003340635,25579.32209597081,47989.26664846161,31754.0
2017-06-26,34643.83491113724,23668.056175759863,44835.61756493687,33282.0
2017-07-03,33854.77870428348,22719.73112680436,45247.965637133,33852.0
2017-07-10,34846.00785636065,24411.167979045385,46438.32346498803,33628.0
2017-07-17,35601.4849943708,24639.382089969255,47492.98720933089,32951.0
2017-07-24,33363.597086761845,22264.31324139679,43709.1170341506,30949.0
2017-07-31,28349.147229731498,17815.78694292566,39553.28030792978,26156.0
2017-08-07,24235.80529386881,13520.657875135776,34763.07715191881,24083.0
2017-08-14,24504.70375185361,13729.837306443203,35509.19246228533,22920.0
2017-08-21,28788.89305990789,17315.901401157265,39893.6351622312,32060.0
2017-08-28,33430.721909434484,22201.706372562745,44764.98223092197,36399.0
2017-09-04,35434.806144604096,24846.010064179838,46050.526952984954,32922.0
2017-09-11,35135.05703881767,24490.583299656348,45861.41718651433,38316.0
2017-09-18,34806.769398908466,23205.67906615181,45304.86900458203,35237.0
2017-09-25,35485.51816432827,24233.35219956083,46820.06284077228,33838.0
2017-10-02,36053.23225226905,24876.971947691658,47873.373116003124,31453.0
2017-10-09,35291.91995690583,24341.177029947597,46893.92756236643,40890.0
2017-10-16,33765.680916398436,22644.65710458229,45284.56581546886,41363.0
2017-10-23,33020.56774174621,22486.50574329798,43949.99656120417,31591.0
2017-10-30,33495.59539971688,22181.819254110997,44205.54129109397,33068.0
2017-11-06,34232.59592196265,22759.755658770162,44698.763527986586,38227.0
2017-11-13,34680.45906673767,23433.629210207244,45514.60096101808,42662.0
2017-11-20,35629.91732700367,24102.661192887186,46845.504631029806,36759.0
2017-11-27,37401.654384109235,26576.07439306154,48426.28407718021,38181.0
2017-12-04,37668.955004577605,27082.63027492634,48838.87450620286,30569.0
2017-12-11,32760.84351254903,21619.087532091507,43609.284266054885,35483.0
2017-12-18,22198.894821486887,11784.276946605907,33188.46957439863,22021.0
2017-12-25,11319.159668008271,341.09280046645057,22445.250508121266,5007.0
2018-01-01,7815.668964784059,-3098.711865221517,18646.19780323745,13397.0
2018-01-08,14736.629046776206,4044.0494187226845,26229.586710199055,29641.0
2018-01-15,27187.57313159442,16415.839232389186,38321.326132688286,39057.0
2018-01-22,36641.73038108132,25595.832720469578,47716.74577009576,39528.0
2018-01-29,38621.03338391139,27977.422378487652,48873.20334237954,40461.0
2018-02-05,35852.848920549935,24733.982240548554,46475.008139980906,40838.0
2018-02-12,34107.27638812234,23273.526283089603,45015.44405568477,39124.0
2018-02-19,35873.956810097174,25002.57553952976,46841.115370572064,40486.0
2018-02-26,38759.43284270855,26592.395218578808,50265.779293531894,38063.0
2018-03-05,39450.70327200417,29153.97816837969,50501.72559214086,39847.0
2018-03-12,37814.27731727181,27116.033545654114,48911.70549484288,40877.0
2018-03-19,36408.95517382997,25780.14467158859,46701.97063720345,44692.0
2018-03-26,36800.515279720894,26540.68659881734,47709.202108432204,40379.0
2018-04-02,37726.05323199679,26752.835208315486,49211.152969091396,35296.0
2018-04-09,37199.034912898125,26293.291597590705,47357.75604318043,42000.0
2018-04-16,35387.993546939506,23608.21308402737,46074.352882592175,45756.0
2018-04-23,34364.13806466634,24192.913981286318,45942.22767343592,42312.0
2018-04-30,35204.58754711885,24360.639638376462,46753.10851253755,38090.0
2018-05-07,36460.376903414726,25424.759377962713,46935.159435642665,36633.0
2018-05-14,36074.55805627014,24755.9428139872,46772.071267372914,44125.0
2018-05-21,34169.603885188946,23285.53628692724,45135.468460562464,35432.0
2018-05-28,32949.67088545763,22169.754158267137,43514.73518329745,38416.0
2018-06-04,33808.272760273154,22808.87728828055,44896.14896616238,42065.0
2018-06-11,35474.41875260258,25040.873763066844,46454.03389819114,45140.0
2018-06-18,35690.13914506258,25223.517928849822,46965.34444133494,44143.0
2018-06-25,34219.07696362576,23523.969672178435,44567.92047495489,40505.0
2018-07-02,33136.18831367119,22453.413642910622,43572.33866951821,42658.0
2018-07-09,33878.09482344681,22475.873275590173,44681.8047710607,43441.0
2018-07-16,34910.69886420123,23450.917039988108,45452.0321953159,42123.0
2018-07-23,33311.862890102435,22386.626404069237,44156.93561186243,39126.0
2018-07-30,28592.27397710916,17696.872827192503,38566.89503915439,34399.0
2018-08-06,23993.776218866715,12814.528634177073,34713.03160658382,28739.0
2018-08-13,23374.08474303144,10787.299149655717,34028.83894958836,26111.0
2018-08-20,27157.987040984244,16839.064651073273,37573.58919489823,37618.0
2018-08-27,32030.37168424263,20366.546570800198,41826.55746583769,39496.0
2018-09-03,34581.66287064617,23504.174683017965,46054.1991378742,39376.0
2018-09-10,34538.64401039139,23908.63859651482,45110.572597774444,40841.0
2018-09-17,34070.70136969175,22395.122544671798,44526.38926798018,43612.0
2018-09-24,34605.16246381104,23616.469988880322,45566.90937217075,37630.0
2018-10-01,35315.54790401554,24737.055974877527,46202.98666033191,44850.0
2018-10-08,34807.64617512459,23519.558244778273,45179.79064496802,45720.0
2018-10-15,33303.71564444744,22180.707677779123,43022.67538862968,41491.0
2018-10-22,32334.718202865257,21237.074230719358,43461.37867736479,36054.0
2018-10-29,32639.314985207013,22186.878823545347,43234.44909674585,31952.0
2018-11-05,33408.47383505314,22706.90488127002,43781.49857758331,41890.0
2018-11-12,33879.48501761875,23457.630609827596,44889.37299149038,43491.0
2018-11-19,34663.78093006035,23667.600583589894,45886.82373174549,40966.0
2018-11-26,36373.28664619175,24996.97337922622,47034.86950264694,40233.0
2018-12-03,37190.71892772774,26379.688001041737,48145.0830180313,39535.0
2018-12-10,33396.300775166994,22337.54528118274,43977.04206061135,36682.0
2018-12-17,23612.363084607045,12101.77098247743,34321.53020168035,21363.0
2018-12-24,12203.603480278656,1793.0507307011785,23199.33135999583,2387.0
2019-01-07,12145.564893577648,1742.3494083822868,23190.342866531257,11404.0
2019-01-14,24233.32550105646,13414.680536019734,35816.69904474518,31571.0
2019-01-21,34753.159315574114,23688.215962810675,44885.87372385148,34474.0
2019-01-28,38056.27566178151,26945.558720064153,48429.76377814829,43584.0
2019-02-04,35707.7109198111,24818.98251006925,46291.47176810543,36046.0
2019-02-11,33441.85651736673,22830.848041394973,44237.091107145934,39211.0
2019-02-18,34646.31891376586,23813.38912767219,45740.662516660035,41546.0
2019-02-25,37619.99619635542,26931.32405119448,48591.39107813633,41580.0
2019-03-04,38828.89924606566,27514.15155852252,49998.66707163396,40669.0
2019-03-11,37454.98034331501,26855.62854771418,48323.99839705141,42087.0
2019-03-18,35817.57362127892,24865.367562364045,47028.043383043274,36166.0
2019-03-25,35907.767916277575,25445.01452146458,47038.30706464157,34170.0
2019-04-01,36909.762091197306,26859.58029914666,47941.86978503524,35049.0
2019-04-08,36712.04575754566,26328.513489871144,47098.94852020961,37840.0
2019-04-15,35001.054703219634,24239.22005031485,46082.29202059386,38538.0
2019-04-22,33689.816572579904,22326.458428070637,44258.89116288218,32605.0
2019-04-29,34238.033853629044,22505.707235944566,45647.99823930667,29765.0
2019-05-06,35596.84574786521,24708.778883873092,46400.67434805447,29408.0
2019-05-13,35579.54274172286,24512.575451110562,46847.983100263315,33851.0
2019-05-20,33814.18752134491,23204.318248601307,43596.170696197434,39427.0
2019-05-27,32304.317185938344,21156.486927511552,43411.521549638885,36555.0
2019-06-03,32804.56088682872,21516.93348002719,42836.87194656459,31519.0
2019-06-10,34502.038749276995,22715.46674813719,46190.395662963216,31399.0
2019-06-17,35074.27860272392,23817.25229542335,45374.482603834986,35185.0
2019-06-24,33786.2331162819,23001.45114956188,45015.39836390944,29057.0
2019-07-01,32457.171975545512,22575.77692834583,43501.265463033735,32576.0
2019-07-08,32890.47506421087,21874.68958212819,44153.668843146464,30209.0
2019-07-15,34089.56741264098,22712.84692073532,44324.82083498534,35275.0
2019-07-22,33104.430885339025,22370.674462470837,43722.577071188316,37860.0
2019-07-29,28786.98231496127,17895.853229261655,39805.98000130473,32076.0
2019-08-05,23833.159341646315,12060.323119830731,34599.9019367413,27513.0
2019-08-12,22333.702362465658,11561.300706563125,33160.73872654932,21586.0
2019-08-19,25494.769248878587,15591.734753460296,36529.24023210305,21881.0
2019-08-26,30473.606239297813,19453.361685165622,41902.194180966246,31577.0
2019-09-02,33560.23825296376,23316.49100520509,44396.666674246066,32986.0
2019-09-09,33847.529816594135,22483.216919976174,44439.45296817571,37955.0
2019-09-16,33284.3742915153,22596.82224471676,43955.14619949559,37303.0
2019-09-23,33637.06298687905,22807.25849181389,45046.43613381922,36989.0
2019-09-30,34433.15170097343,23427.475786444087,44503.075351386404,33067.0
2019-10-07,34181.282220301386,23798.10650746253,44070.41016938449,34017.0
2019-10-14,32749.697138431486,21294.04838126963,43310.609750127995,37877.0
2019-10-21,31577.17642746972,21012.06416055125,41775.02621957301,38456.0
2019-10-28,31674.691102768436,21129.985319416464,42528.985780774834,34518.0
2019-11-04,32441.56671973701,22041.52015394968,43644.35462952343,27273.0
2019-11-11,32953.842408047065,23275.00939618219,44253.7101339076,33068.0
2019-11-18,33594.918587690394,21158.22592189103,44452.547573417316,35018.0
2019-11-25,35177.71996992942,24365.649593802573,45430.504617123406,36744.0
2019-12-02,36408.26620720335,25438.551809299697,46836.43144603913,32714.0
2019-12-09,33667.15416952235,22991.051918177756,44746.85867457752,37532.0
2019-12-16,24801.255719029374,13976.375957257666,35441.1824315858,41502.0
2019-12-23,13126.219035682181,2298.878756765749,23707.837934805484,22566.0
2019-12-30,6251.105093670561,-3808.9751280085525,17082.966176459387,3787.0
2020-01-06,9609.634646276652,-1097.1597442721952,19818.37989146851,5802.0
2020-01-13,21036.094656005378,9766.178255442717,31822.80054021288,28925.0
2020-01-20,32422.806229264592,22104.48404936358,42709.01297896858,38289.0
2020-01-27,37103.58520499386,25944.380659472386,47161.94555732262,42270.0
2020-02-03,35371.71181341336,23782.276786545088,46338.95106313714,40875.0
2020-02-10,32695.945513283656,21617.497118892406,44419.450663837495,38833.0
2020-02-17,33267.94048392991,22229.449696671538,44030.81246068422,38442.0
2020-02-24,36197.550535687915,25273.45471445676,46720.6660543135,35213.0
2020-03-02,37891.4920336935,26301.41938338657,48868.92803425634,32655.0
2020-03-09,36859.48711279617,25590.5994957437,47278.72535801246,35621.0
2020-03-16,35055.54188978601,24136.795437141776,45550.42613523882,36460.0
2020-03-23,34807.80099451133,24609.550074515075,46319.070250193494,38988.0
2020-03-30,35803.52612263341,24986.90936502994,46104.93691100828,26309.0
2020-04-06,35918.24904799661,25071.82330064385,46343.922814622274,25769.0
2020-04-13,34371.2543971214,23386.592891180302,45651.92874898279,21929.0
2020-04-20,32820.09686948324,21637.006777412218,42920.976986058355,19053.0
2020-04-27,33032.71238479354,22450.71658112043,44040.746047822664,22892.0
2020-05-04,34409.900513095025,23820.330204445454,44987.07384530666,22617.0
2020-05-11,34741.87853820584,24689.412947462537,45485.60624174707,30024.0
2020-05-18,33182.66594924184,22692.602936385294,44328.07903068478,28558.0
2020-05-25,31440.770992531136,20610.2959433714,42295.88180400884,25234.0
2020-06-01,31558.78137957683,21313.110857299536,43007.50270439445,25355.0
2020-06-08,33209.36788515514,22946.47539951971,43830.33875551334,23989.0
2020-06-15,34117.16322685251,24205.033752161828,45122.79454504161,24939.0
2020-06-22,33083.77609728657,22478.172279591956,44094.470586280746,30131.0
2020-06-29,31580.46920734392,20646.889691402343,42866.67646110535,26557.0
2020-07-06,31676.510644150254,20185.853831582088,42631.45568114857,24545.0
2020-07-13,32941.970738850854,22966.76944854617,43815.02703595708,25092.0
2020-07-20,32533.058516105244,21519.811013783168,43499.476538409035,30376.0
2020-07-27,28716.73407102521,17557.7339713217,39323.4234411972,31870.0
2020-08-03,23556.732626943147,13059.872406280565,34679.53089814106,29530.0
2020-08-10,21225.069061115708,10783.066120717109,32747.60673699692,22118.0
2020-08-17,23668.39874092778,12651.891235789304,34197.58769065067,23796.0
2020-08-24,28629.79283339081,17671.982015865462,39473.40730174586,27110.0
2020-08-31,32228.550826679133,21386.988989306603,43127.190863656164,29751.0
2020-09-07,32923.470377549944,21748.93228506994,43554.38507195434,33614.0
2020-09-14,32333.266211778136,21727.375073684507,43386.70543060807,36111.0
2020-09-21,32490.613157309926,22054.435498374016,43342.288591168865,35124.0
2020-09-28,33322.863809259354,22846.017635577773,44029.60790644582,34658.0
2020-10-05,33327.87520609308,23181.69952187219,44149.737400393715,33000.0
2020-10-12,32026.5957821327,21198.644948899793,41893.38640779639,32979.0
2020-10-19,30692.164981794616,19679.59780863686,41001.83263994115,35793.0
2020-10-26,30564.772086940782,19280.97022573361,41302.04168626253,33790.0
2020-11-02,31300.000520506695,19464.169243412543,42246.60093069951,29445.0
2020-11-09,31873.933752051646,21118.78035774854,41823.17241024719,31435.0
2020-11-16,32411.564029277204,21275.517937700268,43824.36874683368,33701.0
2020-11-23,33833.364704827036,23154.36039105889,44850.9801586002,33461.0
2020-11-30,35355.887577031346,24807.55747939453,46157.87671153003,32988.0
2020-12-07,33592.39692815319,22720.602754153006,44715.48573019344,29983.0
2020-12-14,25758.743988078546,14873.956495225295,36840.531406197246,32731.0
2020-12-21,14084.915236203971,3985.810845128858,25042.871548354684,29260.0
2020-12-28,5792.23133971071,-4300.881483091966,16651.151361892444,9899.0
2021-01-04,7236.874141824363,-3608.0907257717463,18390.24212973733,19511.0
2021-01-11,17726.929193889537,6577.972409591468,28638.996132748074,30701.0
2021-01-18,29757.08368085285,19020.494596060642,39806.45429507172,31170.0
2021-01-25,35836.18918773294,25681.357083936502,47065.441216190586,33573.0
2021-02-01,34920.65883396252,23954.885721659215,46259.31233817368,33517.0
2021-02-08,31985.45919359845,21886.833227819658,43187.491884892326,33509.0
2021-02-15,31894.4255889985,21330.82398454225,43008.00938985535,30761.0
2021-02-22,34656.11188834765,23354.683892009998,44940.00379089809,35019.0
2021-03-01,36789.362723389735,26217.582427541085,48028.24137476009,32214.0
2021-03-08,36177.021824251446,24822.806342826094,47988.868429089955,31532.0
2021-03-15,34295.73422777439,23842.405209943714,45318.77662653991,31428.0
2021-03-22,33702.84381763641,21941.815965072838,43845.440156379314,32220.0
2021-03-29,34620.112137770426,23458.523693523526,45160.550982574685,25830.0
2021-04-05,35024.57784562869,23809.22722269527,45575.56831361362,28682.0
2021-04-12,33707.45210974871,23097.10590216677,44548.18793257424,31569.0
2021-04-19,31986.18571587699,21034.999863726694,42505.07101904266,31408.0
2021-04-26,31847.28524701488,21580.850143289714,42059.12034897049,32528.0
2021-05-03,33168.575173884215,22506.362342782748,43593.28022177834,32759.0
2021-05-10,33824.67327559942,23293.31870799044,43454.53144323404,27461.0
2021-05-17,32538.65747587308,21918.35731586566,43278.49088607972,30397.0
2021-05-24,30643.98875513454,19988.499696464096,41985.692257801034,24944.0
2021-05-31,30368.021742568188,19437.19594155533,41025.033280710624,23586.0
2021-06-07,31889.626130820663,20930.94758769488,41917.16890544774,28069.0
2021-06-14,33089.68573327983,21797.161540176287,45133.64929825475,28513.0
2021-06-21,32364.332567499143,21185.602870481525,42748.394841310816,28302.0
2021-06-28,30762.556748052513,20027.286285087346,40917.97241733725,27323.0
2021-07-05,30507.538807958226,19789.97844727005,41463.2131512495,24765.0
2021-07-12,31737.789480410596,21543.67778076278,42463.588194927084,26194.0
2021-07-19,31841.405306600544,20289.7072685801,41737.11241614052,28186.0
2021-07-26,28597.084990004256,17634.478539416763,39505.64580650728,27373.0
2021-08-02,23377.218829170877,12544.916933264156,34883.15240447621,21623.0
2021-08-09,20281.441823495017,9464.670652116834,30547.95549560159,20800.0
2021-08-16,21927.062973106946,11480.020556185389,32494.68432238019,25182.0
2021-08-23,26735.14764585959,16230.83829165261,37192.467417848646,26209.0
2021-08-30,30794.62840017,20125.9892823283,41989.447131627254,30949.0
2021-09-06,31957.50834549226,21049.126434991565,43218.40912900526,32297.0
2021-09-13,31412.814218949625,20583.439218307336,42011.70882349184,31696.0
2021-09-20,31370.11158343261,20533.135293631236,41268.07786054759,33377.0
2021-09-27,32182.778919578126,21675.643231593633,42159.72303446052,29976.0
2021-10-04,32427.193611882903,21726.820980356086,43072.167592241225,28535.0
2021-10-11,31302.640905523895,20616.711813328922,41525.49302083998,31966.0
2021-10-18,29850.831502582238,19212.321748234193,40140.5573684756,33435.0
2021-10-25,29484.542079276278,18842.302643894625,40651.35444987598,22241.0
2021-11-01,30149.36872744801,19083.62314638686,41081.74812782684,25567.0
2021-11-08,30789.816090953726,19984.555515886423,41636.820834694096,29789.0
2021-11-15,31261.40707061044,20007.099741134265,41651.15866735327,31767.0
2021-11-22,32500.69672801767,21818.612979477417,42896.376263098646,29501.0
2021-11-29,34197.79180021686,22967.08074789756,45576.19563725355,31058.0
2021-12-06,33309.38400929493,22215.318336848748,44390.11793704074,27855.0
2021-12-13,26578.470210370488,14668.078612176649,38130.80430606582,27180.0
2021-12-20,15153.447097729317,5481.918523684456,25627.1965773176,12087.0
2021-12-27,5664.622204341222,-5130.778377559908,16728.357131085973,4968.0
2022-01-03,5172.8172134008455,-5102.1840924522485,16018.40070655878,13756.0
2022-01-10,14466.668324766215,3371.3117956973747,25491.60133386925,29697.0
2022-01-17,26882.147220434683,16794.352533610432,37892.48157905121,36591.0
2022-01-24,34327.922049571,23289.039228335398,45290.8987757228,33714.0
2022-01-31,34406.131831938714,24033.0355568079,45451.492219251595,30783.0
2022-02-07,31380.74834853693,21343.50403029623,42734.46026632285,35347.0
2022-02-14,30622.276594724342,19146.733833729577,41372.58181506728,36406.0
2022-02-21,33089.94302154995,22910.946278833682,44018.56619724537,38114.0
2022-02-28,35588.405609043984,25330.20200053846,46511.79349352277,36709.0
2022-03-07,35450.97408174057,24936.90066113987,46344.006146965155,36848.0
2022-03-14,33584.56872632777,22189.652747037413,44642.94837821844,36655.0
2022-03-21,32653.0920624803,21759.59845455785,43514.579485080416,37508.0
2022-03-28,33417.63830541591,22209.53963450539,45031.183938051334,35164.0
2022-04-04,34067.946223950734,24034.261412912707,45506.2031430354,30991.0
2022-04-11,33028.64816171362,21293.140346976044,43634.842874661845,36987.0
2022-04-18,31209.422620408157,20697.141020970692,41482.39925158529,27651.0
2022-04-25,30714.772997384265,20355.34101773814,41662.51412870833,35153.0
2022-05-02,31903.380474307767,21353.2817162725,41267.45433219286,34172.0
2022-05-09,32837.30660094865,22191.2961893498,44346.330431557384,37268.0
2022-05-16,31872.403884596533,20631.57972725005,42360.88323780178,32780.0
2022-05-23,29905.262945054972,18665.604901088984,40415.38972398477,24912.0
2022-05-30,29241.831068085532,18363.086816426767,40460.80776994671,32711.0
2022-06-06,30558.02051620398,20330.31036561224,41040.15200002167,27822.0
2022-06-13,31992.415658434697,21356.42861271993,42973.81211568743,26177.0
2022-06-20,31613.132375429734,20303.95694678478,42574.11200779157,30466.0
2022-06-27,29994.056564225186,18930.510318787998,39836.143847757834,31886.0
2022-07-04,29394.651731504633,17352.419922270445,39790.38907892499,24287.0
2022-07-11,30496.728639814322,19691.3924772226,41425.77129295113,24392.0
2022-07-18,31032.022988957026,20617.342601188193,42164.340101627284,25904.0
2022-07-25,28405.997111980774,17308.60444154672,39010.739193481415,24969.0
2022-08-01,23269.883698711714,12528.811006241383,34350.100518496176,16890.0
2022-08-08,19501.741390364223,8681.094968902446,30924.16575939073,16155.0
2022-08-15,20293.495674862475,9603.16450664499,30666.56496517492,18947.0
2022-08-22,24810.995447598078,14337.944356692136,35189.20360381356,25744.0
2022-08-29,29258.100764967734,18535.609503159616,40199.41438089219,26022.0
2022-09-05,30934.272657789013,19888.93645969177,41540.467337005306,26245.0
2022-09-12,30514.449814291533,18760.424174936947,41483.66406089572,27110.0
2022-09-19,30282.448861793127,19287.93559886242,40951.720289055345,28313.0
2022-09-26,31022.42130544427,20085.533031304712,42033.29196036757,25888.0
2022-10-03,31476.924695431022,20191.23009272007,42972.54656665478,27885.0
2022-10-10,30567.14706283368,20584.738294871808,42251.820798747525,31608.0
2022-10-17,29048.930165406102,18247.587040887236,39569.38000474917,30332.0
2022-10-24,28440.433887188454,17443.725053909515,39125.5926529302,24148.0
2022-10-31,28994.8512121666,17498.434705836895,39666.156660973546,25275.0
2022-11-07,29696.38256806996,18232.136413296517,40490.11690942961,31455.0
2022-11-14,30139.221781684737,19577.942901307328,41707.76587078858,33817.0
2022-11-21,31191.37786305208,20504.970208543666,42996.547960894095,32900.0
2022-11-28,32958.78899604335,21547.6101922409,43318.995744782,26288.0
2022-12-05,32827.32844255398,21477.06186861809,43376.75763931717,28058.0
2022-12-12,27231.833666833572,16948.64087501604,37898.89714998098,25345.0
2022-12-19,16281.853839760977,4587.310115079798,27037.161746501835,15957.0
2022-12-26,5842.294463355978,-4859.226444999252,17420.520530027992,4033.0
2023-01-02,3442.9646350121525,-7225.305670418733,14566.302193266321,7378.0
2023-01-09,11310.073070231407,565.653461654109,21916.008487934243,25042.0
2023-01-16,23831.52311261109,12703.49979597071,34003.023514563894,23252.0
2023-01-23,32564.886477430424,21702.011886142653,43674.4829912016,24164.0
2023-01-30,33789.869118480674,22864.12270659921,44606.26399138596,24771.0
2023-02-06,30862.13272048811,18928.302529186167,40799.41217182568,26609.0
2023-02-13,29465.517430103537,18237.300520377627,39758.94767248717,27189.0
2023-02-20,31522.629583226993,20568.303291363995,42343.69029863755,26635.0
2023-02-27,34292.10851696167,23067.772398931273,45098.082443835534,26874.0
2023-03-06,34664.52654580972,23917.958322351475,46338.54309469396,28453.0
2023-03-13,32909.44396480686,21000.9461067511,43476.89558722738,29311.0
2023-03-20,31665.538925731926,20796.416348618834,42685.85618732751,31470.0
2023-03-27,32210.64761963592,21434.576035405713,43694.33812849043,28289.0
2023-04-03,33049.488837704776,22046.120163931246,42905.51332598581,24912.0
2023-04-10,32321.187089537038,21304.64405755865,43443.86434368326,26638.0
2023-04-17,30480.439516874776,20397.239304432765,40969.34774780037,27737.0
2023-04-24,29643.216732826415,18916.126299386837,41048.2922111099,21458.0
2023-05-01,30629.15897008406,19540.38548596914,40285.37827873822,21145.0
2023-05-08,31781.38168500365,20901.04428186613,42694.09433878554,26308.0
2023-05-15,31169.73180707062,20489.98455417577,41471.748773196014,22642.0
2023-05-22,29213.22804692259,17963.32900551239,40831.06070213576,22644.0
2023-05-29,28186.764472136514,16893.165571799662,39431.676359020916,18282.0
2023-06-05,29230.42176099551,18409.56584653929,40532.34350607505,18897.0
2023-06-12,30829.392180675226,20467.871906938257,41657.62913797819,21902.0
2023-06-19,30816.98764385878,19848.127734952574,41489.21820978118,23632.0
2023-06-26,29262.92890760061,17943.93815359301,40303.9159665336,21217.0
2023-07-03,28345.335431420834,17503.909635968204,38970.293947425205,21130.0
2023-07-10,29238.864391945386,18830.85883510555,40006.41367078405,20902.0
2023-07-17,30111.964312937063,20053.62809439389,41082.7024917273,21325.0
2023-07-24,28124.906153206553,17862.186361801345,38713.13585087426,21384.0
2023-07-31,23208.175236574763,12283.547853476108,33528.13058442697,12466.0
2023-08-07,18879.67025894904,8732.709346408266,29639.925407885483,13946.0
2023-08-14,18787.606113957532,7455.559722321803,29482.214563834008,14775.0
2023-08-21,22880.99469246351,11925.52686186614,33682.8397314124,18754.0
2023-08-28,27622.80280978071,16657.914428629738,39090.824654684286,20672.0
2023-09-04,29839.52537491835,18639.411546537212,41705.92143250872,21423.0
2023-09-11,29627.07479310919,18874.17068442061,40497.67705687914,27269.0
2023-09-18,29232.22188766649,18333.879601852543,40067.5091043651,27562.0
2023-09-25,29852.220361657528,18988.604137554103,41252.54831216999,25336.0
2023-10-02,30477.217164707872,19618.125174046454,40207.039987690776,27293.0
2023-10-09,29809.878939031085,19448.401626163082,39829.72439273313,26221.0
2023-10-16,28280.209043217503,18177.51423854871,39175.63829962263,29704.0
2023-10-23,27437.5332942717,17455.52592011438,38073.2994666025,23427.0
2023-10-30,27842.93030061788,17622.670079165964,39206.46950976777,18899.0
2023-11-06,28590.193436439993,17538.863525197226,39666.2771264419,24532.0
2023-11-13,29038.377775387555,17715.70684650225,40350.38049932738,24211.0
2023-11-20,29913.446497060508,18971.427690067427,40609.49770844474,27867.0
2023-11-27,31662.982988064596,20891.089241553178,43237.5328487496,27050.0
2023-12-04,32160.608507973295,21101.552491529495,42497.21658496537,21612.0
2023-12-11,27697.070610615105,17391.39897348756,38404.91927076358,26201.0
2023-12-18,17420.986835649546,6810.934479204152,28668.761363068894,13954.0
2023-12-25,6291.786115013794,-4791.52839206481,16744.072773000207,1497.0
2024-01-01,2063.774908905815,-9743.27338730123,12713.923031075938,4124.0
2024-01-08,8310.231754873777,-2194.7031429127524,19257.26662624821,27341.0
2024-01-15,20645.78537151873,9646.417583854445,31353.101898085624,31238.0
2024-01-22,30541.278870350823,19794.469310045748,41623.644593478224,24800.0
2024-01-29,33034.6938322105,22629.428825324365,43620.52280060363,31645.0
2024-02-05,30404.23908649504,19577.56142869139,40891.110296940904,31397.0
2024-02-12,28433.05272989257,17973.299876208584,39451.16429418285,30325.0
2024-02-19,29978.673599941827,18341.31381866713,40005.85724903711,28605.0
2024-02-26,32908.6215412297,22897.874427790466,44108.56315558303,29307.0
2024-03-04,33803.01344179804,22972.06192903502,44667.59718191659,26783.0
2024-03-11,32255.16728217736,21684.854324805925,43365.21433901031,28093.0
2024-03-18,30743.825369640843,19937.258854920732,41751.54538324357,27211.0
2024-03-25,31014.055616582562,19774.849181223788,41223.148403170155,24793.0
2024-04-01,31973.632251883013,20538.078078217404,41731.972924211754,20191.0
2024-04-08,31572.978780942445,21053.188143359126,43758.637587329504,26303.0
2024-04-15,29787.576007990065,18288.687904786228,40758.359946514836,26796.0
2024-04-22,28637.64732822732,17838.95802192401,40083.56175926011,27653.0
2024-04-29,29361.125622654814,18044.0423177102,39857.06298713068,22579.0
2024-05-06,30661.80928478118,19845.19595276625,40682.2632227896,21394.0
2024-05-13,30418.310945264122,19728.447165957397,40860.86155685999,26616.0
2024-05-20,28554.40633258653,18795.53352558663,39550.76381651566,21928.0
2024-05-27,27206.073782888674,16882.041682558327,37958.18134610323,22232.0
2024-06-03,27922.600938702897,17049.36883937029,39248.14605106857,27282.0
2024-06-10,29607.92638266733,18801.26040834503,41039.84955964986,27263.0
2024-06-17,29964.95287786183,18807.654983548025,40344.75249137251,24594.0
2024-06-24,28555.1379664655,18436.91346006269,39086.67735605801,28367.0
2024-07-01,27363.228653460257,17194.48884019077,38406.776605663676,24128.0
2024-07-08,27983.728784843282,17355.354539539036,38767.35096634657,27470.0
2024-07-15,29092.32758679011,17974.17872665262,39665.26917688329,20706.0
2024-07-22,27739.344189532043,17384.25190692167,38912.92466787593,22852.0
2024-07-29,23164.72609166419,12126.030693416438,33640.53775019427,18623.0
2024-08-05,18403.92100310327,6638.1587695918915,29041.699627543796,15505.0
2024-08-12,17425.677989415206,6542.079549388712,28273.79759021442,15118.0
2024-08-19,20970.30439268273,10495.162562562895,31905.668715311946,19735.0
2024-08-26,25896.849929376196,15252.231305499705,36083.91844272434,23243.0
2024-09-02,28660.926292260345,18879.63356129713,39265.41508123614,26577.0
2024-09-09,28737.5035926032,18091.341162741563,40045.156525188344,26926.0
2024-09-16,28221.367252613098,17452.934790673924,38084.2776506964,19562.0
2024-09-23,28682.926501692717,17187.70399106264,39929.6437373529,25504.0
2024-09-30,29430.68362586054,18665.364862438877,40166.14495732279,25950.0
2024-10-07,29021.57849179275,18324.600163665433,39439.20009621324,26362.0
2024-10-14,27536.677744208213,16752.230662161393,38709.12932228378,24906.0
2024-10-21,26479.2112122973,14799.398956025567,37858.27792728333,25818.0
2024-10-28,26700.9666207516,15861.832210336266,37079.008670824456,22986.0
2024-11-04,27469.710654171256,16850.855591751646,39599.81603052721,32249.0
2024-11-11,27951.496928875924,17269.250337710757,39075.923854208995,33403.0
2024-11-18,28671.398944620847,18292.30017284414,39916.30253403459,28902.0
2024-11-25,30332.868911534955,19360.479099710436,40526.155191599115,31562.0
2024-12-02,31327.813556113942,20364.799251218777,41879.36244317569,31950.0
2024-12-09,27959.53288673555,17839.807364255365,38455.36555592748,27745.0
2024-12-16,18524.013680341854,7705.580436021589,29261.49210049172,17464.0
2024-12-23,6973.36709200923,-4602.225333253753,17832.753002272115,2308.0
